conc,R0,R2,R3,note
12,0.004538575,,,raw
12,0,,,raw
12,0.01230839,,,raw
12,0.022046773,,,raw
12,0.002055842,,,raw
12,0.002658446,,,raw
12,0.006372635,,,raw
13,0.056636825,,,raw
13,0.007161399,,,raw
13,0.064774999,,,raw
13,0.025341026,,,raw
13,0.028826486,,,raw
13,0.039303805,,,raw
13,0.00892686,,,raw
13,0.017937163,,,raw
13,0.040060073,,,raw
13.5,0.07184762,,,raw
13.5,0.114198184,,,raw
13.5,0.070426178,,,raw
13.5,0.038084104,,,raw
13.5,0.125581739,,,raw
13.5,0.086703618,,,raw
13.5,0.082528517,,,raw
13.5,0.060533769,,,raw
13.5,0.100455866,,,raw
13.5,0.060022652,,,raw
14,0.087548095,,,raw
14,0.123698734,,,raw
14,0.059268093,,,raw
14,0.106431975,,,raw
14,0.099543901,,,raw
14,0.092420638,,,raw
14,0.119649364,,,raw
14,0.050642279,,,raw
14,0.103644608,,,raw
14.5,0.26828232,,,raw
14.5,0.215350705,,,raw
14.5,0.227128942,,,raw
14.5,0.265110331,,,raw
14.5,0.18216906,,,raw
14.5,0.186113159,,,raw
14.5,0.236171814,,,raw
14.5,0.232899865,,,raw
14.5,0.288203499,,,raw
15,0.31997927,,,raw
15,0.333411572,,,raw
15,0.333076335,,,raw
15,0.216123691,,,raw
15,0.366382882,,,raw
15,0.44815086,,,raw
15,0.439640771,,,raw
15,0.399707637,,,raw
15,0.368862611,,,raw
15,0.306441562,,,raw
15,0.314115363,,,raw
15.5,0.382938427,,,raw
15.5,0.605958241,,,raw
15.5,0.741984932,,,raw
15.5,0.503463142,,,raw
15.5,0.536967597,,,raw
15.5,0.564958277,,,raw
15.5,0.551241588,,,raw
15.5,0.6511575,,,raw
15.5,0.591421268,,,raw
15.5,0.616882324,,,raw
15.5,0.767251822,,,raw
15.5,0.525585409,,,raw
16,0.879694534,,,raw
16,0.69857491,,,raw
16,0.734442524,,,raw
16,0.821687082,,,raw
16,0.789162688,,,raw
16,0.839397109,,,raw
16,0.745096795,,,raw
16,0.802260703,,,raw
16,0.770719993,,,raw
16,0.854394862,,,raw
16.5,0.846294563,,,raw
16.5,0.786501835,,,raw
16.5,0.7617229,,,raw
16.5,0.632451934,,,raw
16.5,0.809794315,,,raw
16.5,0.797245639,,,raw
16.5,0.754687154,,,raw
16.5,0.697081947,,,raw
16.5,0.746221217,,,raw
16.5,0.882287324,,,raw
16.5,0.850270659,,,raw
16.5,0.711092078,,,raw
16.5,0.805815554,,,raw
17,0.710340616,,,raw
17,0.716618175,,,raw
17,0.578485628,,,raw
17,0.623359715,,,raw
17,0.533332715,,,raw
17,0.655766184,,,raw
17,0.526542261,,,raw
17,0.763792849,,,raw
10.5,0.037227985,,,raw
10.5,0.045782206,,,raw
10.5,0.006428895,,,raw
10.5,0.02200822,,,raw
10.5,0.018240684,,,raw
17.5,0.954028054,,,raw
17.5,0.963121444,,,raw
17.5,1,,,raw
17.5,0.948354222,,,raw
17.5,0.994206959,,,raw
14,,0.075876894,,raw
14,,0.199464009,,raw
14,,0.203949421,,raw
14,,0.111488517,,raw
14,,0.166137472,,raw
14,,0.128793416,,raw
14,,0.082507576,,raw
14,,0.123458084,,raw
14,,0.139745821,,raw
14.25,,0.168127236,,raw
14.25,,0.184726489,,raw
14.25,,0.132139817,,raw
14.25,,0.169345394,,raw
14.25,,0.208897729,,raw
14.5,,0.317045643,,raw
14.5,,0.35348394,,raw
14.5,,0.248387173,,raw
14.5,,0.329504786,,raw
14.5,,0.354183417,,raw
14.5,,0.503382031,,raw
14.5,,0.303970129,,raw
14.5,,0.26820518,,raw
14.5,,0.327188698,,raw
14.5,,0.311638037,,raw
14.5,,0.258555368,,raw
14.5,,0.366390445,,raw
14.75,,0.455469794,,raw
14.75,,0.37993142,,raw
14.75,,0.43710147,,raw
14.75,,0.638317338,,raw
14.75,,0.43457713,,raw
14.75,,0.467475384,,raw
14.75,,0.48264276,,raw
14.75,,0.460570193,,raw
14.75,,0.529511104,,raw
14.75,,0.572983828,,raw
14.75,,0.602001356,,raw
14.75,,0.525072641,,raw
14.75,,0.412345302,,raw
15,,0.526435065,,raw
15,,0.519055597,,raw
15,,0.557458673,,raw
15,,0.668944412,,raw
15,,0.429283624,,raw
15,,0.630830405,,raw
15,,0.567247471,,raw
15,,0.671802779,,raw
15,,0.574604427,,raw
15,,0.534364335,,raw
15,,0.612843587,,raw
15,,0.502623298,,raw
15,,0.576256857,,raw
15,,0.428284811,,raw
15,,0.382463102,,raw
15,,0.409974895,,raw
15.25,,0.436573516,,raw
15.25,,0.680669838,,raw
15.25,,0.695673449,,raw
15.25,,0.626702072,,raw
15.25,,0.749660877,,raw
15.25,,0.649872081,,raw
15.25,,0.683087355,,raw
15.25,,0.761031854,,raw
15.25,,0.700316634,,raw
15.25,,0.808934563,,raw
15.25,,0.667022331,,raw
15.25,,0.490981022,,raw
15.25,,0.554475745,,raw
15.25,,0.640965982,,raw
15.25,,0.61326695,,raw
15.25,,0.555459121,,raw
15.25,,0.632747365,,raw
15.25,,0.605536468,,raw
15.25,,0.784556962,,raw
15.25,,0.815673001,,raw
15.25,,0.70205766,,raw
15.25,,0.777703937,,raw
15.25,,0.795377341,,raw
15.25,,0.69302757,,raw
15.25,,0.610080197,,raw
15.25,,0.600111091,,raw
15.25,,0.778704151,,raw
15.25,,0.686258218,,raw
15.5,,0.799546538,,raw
15.5,,0.852269717,,raw
15.5,,0.849904974,,raw
15.5,,0.848441614,,raw
15.5,,0.868854109,,raw
15.5,,0.851735594,,raw
15.5,,0.830260821,,raw
15.5,,0.814414995,,raw
15.5,,0.746925196,,raw
15.5,,0.751391877,,raw
15.5,,0.752930777,,raw
15.5,,0.861054385,,raw
15.5,,0.855212988,,raw
15.5,,0.78919587,,raw
15.5,,0.764648726,,raw
15.75,,0.832022431,,raw
15.75,,0.973265696,,raw
15.75,,0.892709587,,raw
15.75,,0.750788797,,raw
15.75,,0.852807814,,raw
15.75,,0.858883466,,raw
15.75,,0.772566309,,raw
15.75,,0.756641976,,raw
15.75,,0.915941319,,raw
15.75,,0.919128329,,raw
15.75,,0.944516081,,raw
15.75,,0.971413301,,raw
15.75,,0.941483442,,raw
15.75,,0.933653669,,raw
15.75,,0.873035017,,raw
15.75,,0.902323447,,raw
15.75,,0.960676554,,raw
15.75,,0.907126845,,raw
15.75,,0.832132151,,raw
16,,0.794481975,,raw
16,,0.964336163,,raw
16,,0.923637965,,raw
16,,0.947015633,,raw
16,,0.81083917,,raw
16,,0.824372601,,raw
16,,0.803099415,,raw
16,,0.855744297,,raw
16,,0.764282391,,raw
16,,0.814459831,,raw
16,,0.688290793,,raw
16,,0.933074596,,raw
16,,0.795704099,,raw
16,,0.799494675,,raw
16,,0.774324323,,raw
16,,0.808180469,,raw
16,,0.838427387,,raw
16,,0.850806433,,raw
16,,0.90866607,,raw
16,,0.812289141,,raw
16,,0.867861642,,raw
17,,0.959549379,,raw
17,,0.967920364,,raw
17,,0.971010697,,raw
17,,0.973640441,,raw
17,,0.974416717,,raw
14,,,0.21149722,raw
14,,,0.12506067,raw
14,,,0.181474334,raw
14,,,0.165944901,raw
14,,,0.119562469,raw
14,,,0.158452362,raw
14,,,0.157735721,raw
14,,,0.157939362,raw
14,,,0.155415113,raw
14,,,0.160322398,raw
14,,,0.10600152,raw
14,,,0.092058388,raw
14,,,0.203546883,raw
14.5,,,0.419820244,raw
14.5,,,0.374771755,raw
14.5,,,0.367021629,raw
14.5,,,0.375817273,raw
14.5,,,0.40187347,raw
14.5,,,0.371070366,raw
14.5,,,0.499993743,raw
14.5,,,0.396459626,raw
14.5,,,0.38854936,raw
14.5,,,0.365718051,raw
14.75,,,0.41592762,raw
14.75,,,0.542249869,raw
14.75,,,0.53393423,raw
14.75,,,0.558356201,raw
14.75,,,0.470075499,raw
14.75,,,0.506735042,raw
14.75,,,0.546823045,raw
14.75,,,0.489167307,raw
14.75,,,0.581875691,raw
14.75,,,0.380797993,raw
14.75,,,0.413883001,raw
14.75,,,0.428420389,raw
14.75,,,0.398398566,raw
14.75,,,0.444596731,raw
14.75,,,0.426829702,raw
14.75,,,0.545182894,raw
14.75,,,0.527394553,raw
14.75,,,0.625173622,raw
15,,,0.401309872,raw
15,,,0.627108326,raw
15,,,0.495162619,raw
15,,,0.48297108,raw
15,,,0.301219143,raw
15,,,0.393337738,raw
15,,,0.402230466,raw
15,,,0.547350188,raw
15,,,0.333431623,raw
15,,,0.375306054,raw
15,,,0.257196286,raw
15,,,0.549131136,raw
15.25,,,0.624608923,raw
15.25,,,0.65929705,raw
15.25,,,0.819534743,raw
15.25,,,0.755247445,raw
15.25,,,0.831068444,raw
15.25,,,0.771408175,raw
15.25,,,0.607494928,raw
15.25,,,0.645283792,raw
15.25,,,0.58833327,raw
15.25,,,0.70427181,raw
15.25,,,0.619147332,raw
15.25,,,0.504137392,raw
15.25,,,0.755464764,raw
15.25,,,0.627149844,raw
15.25,,,0.72476876,raw
15.25,,,0.852777921,raw
15.25,,,0.608396723,raw
15.5,,,0.7878608,raw
15.5,,,0.752508638,raw
15.5,,,0.903769565,raw
15.5,,,0.958724126,raw
15.5,,,0.683327949,raw
15.5,,,0.606746881,raw
15.5,,,0.788834299,raw
15.5,,,0.830319811,raw
15.5,,,0.847346209,raw
15.5,,,0.882800215,raw
15.5,,,0.800467537,raw
15.5,,,0.923562341,raw
15.5,,,0.810127781,raw
15.5,,,0.872370897,raw
15.5,,,0.81613544,raw
15.5,,,0.832414931,raw
15.5,,,0.793477006,raw
15.75,,,0.787515678,raw
15.75,,,0.800667122,raw
15.75,,,0.658351385,raw
15.75,,,0.890379038,raw
15.75,,,0.85526174,raw
15.75,,,0.830444022,raw
15.75,,,0.939667857,raw
15.75,,,0.91084052,raw
15.75,,,0.833909288,raw
15.75,,,0.774549524,raw
15.75,,,0.713950563,raw
15.75,,,0.718952996,raw
15.75,,,0.751387478,raw
15.75,,,0.772608763,raw
15.75,,,0.805029556,raw
16,,,0.973966736,raw
16,,,0.968256375,raw
16,,,0.967688241,raw
16,,,0.974289879,raw
16,,,0.969043478,raw
17,,,0.983797255,raw
17,,,0.984366851,raw
17,,,0.985222191,raw
17,,,0.990888643,raw
17,,,0.989469703,raw
