Slice,Mean
1,36.922
2,37.012
3,36.661
4,36.699
5,42.241
6,40.951
7,45.931
8,46.101
9,47.807
10,47.811
11,46.358
12,46.889
13,42.741
14,52.928
15,47.397
16,42.075
17,47.197
18,53.521
19,51.730
20,48.043
21,41.920
22,43.731
23,45.006
24,50.704
25,48.413
26,42.572
27,41.536
28,47.400
29,46.243
30,46.186
31,42.296
32,42.760
33,43.487
34,41.548
35,38.235
36,38.100
37,37.875
38,38.241
39,37.667
40,37.630
41,36.467
42,36.452
43,36.012
44,36.018
45,36.466
46,36.371
47,43.075
48,42.899
49,41.358
50,43.993
51,43.215
52,43.231
53,43.404
54,41.213
55,46.967
56,50.954
57,46.831
58,43.536
59,46.815
60,44.649
61,44.361
62,41.207
63,41.768
64,43.455
65,38.931
66,38.637
67,38.414
68,38.397
69,38.369
70,41.529
71,41.758
72,41.747
73,44.071
74,43.507
75,45.051
76,49.074
77,51.156
78,42.284
79,41.868
80,42.223
81,42.281
82,43.313
83,43.287
84,47.567
85,49.339
86,49.425
87,43.856
88,46.955
89,52.681
90,43.772
91,45.553
92,48.268
93,49.561
94,46.986
95,45.374
96,45.314
97,44.241
98,43.011
99,42.632
100,42.571
101,45.813
102,48.608
103,49.404
104,49.520
105,50.006
106,49.990
107,50.411
108,47.278
109,47.814
110,48.224
111,49.213
112,52.902
113,50.504
114,50.654
115,51.145
116,48.205
117,46.976
118,46.066
119,51.382
120,53.462
121,49.828
122,49.755
123,48.600
124,52.913
125,50.958
126,50.761
127,48.837
128,49.598
129,50.903
130,53.290
131,52.754
132,50.966
133,52.356
134,54.853
135,53.011
136,47.494
137,48.507
138,45.810
139,46.829
140,51.197
141,49.995
142,51.592
143,51.173
144,52.137
145,50.596
146,53.920
147,49.369
148,49.235
149,49.117
150,52.201
151,54.630
152,50.634
153,51.365
154,46.844
155,46.383
156,46.832
157,50.098
158,46.093
159,48.591
160,49.754
161,48.929
162,48.811
163,51.184
164,51.152
165,51.188
166,49.113
167,46.557
168,46.635
169,45.188
170,45.264
171,44.757
172,44.677
173,45.948
174,45.966
175,45.434
176,44.084
177,46.541
178,45.548
179,50.377
180,51.122
181,49.427
182,46.312
183,45.572
184,49.512
185,51.580
186,52.726
187,54.768
188,53.654
189,48.519
190,48.059
191,52.664
192,53.463
193,50.530
194,54.423
195,55.303
196,49.954
197,50.372
198,52.434
199,47.659
200,52.408
201,55.499
202,55.975
203,53.376
204,54.537
205,54.498
206,54.877
207,50.771
208,53.943
209,54.291
210,54.240
211,59.643
212,54.690
213,55.315
214,55.482
215,53.820
216,53.839
217,53.821
218,53.867
219,53.863
220,58.936
221,60.278
222,56.841
223,55.894
224,55.846
225,56.325
226,56.236
227,56.964
228,56.079
229,56.015
230,59.672
231,55.136
232,55.951
233,57.944
234,54.023
235,55.653
236,55.205
237,53.806
238,56.871
239,55.602
240,55.680
241,54.584
242,54.511
243,58.490
244,60.849
245,66.283
246,59.545
247,55.215
248,54.622
249,54.300
250,56.251
251,52.146
252,53.655
253,55.636
254,53.526
255,53.007
256,51.497
257,52.196
258,52.106
259,54.555
260,53.669
261,54.491
262,54.904
263,54.253
264,54.276
265,53.967
266,53.797
267,55.031
268,55.050
269,54.202
270,53.595
271,53.632
272,53.678
273,52.349
274,56.471
275,54.287
276,55.702
277,56.735
278,56.725
279,59.663
280,54.653
281,55.673
282,55.710
283,56.048
284,56.099
285,57.670
286,55.971
287,52.719
288,51.048
289,51.769
290,50.683
291,49.956
292,49.802
293,49.545
294,49.558
295,48.397
296,48.369
297,48.504
298,48.423
299,48.261
300,48.251
301,48.892
302,48.732
303,48.772
304,48.988
305,49.112
306,49.264
307,49.569
308,49.079
309,48.659
310,48.651
311,49.750
312,49.906
313,49.760
314,49.549
315,49.751
316,49.877
317,50.961
318,49.146
319,49.983
320,50.848
321,50.615
322,50.584
323,53.218
324,53.076
325,57.161
326,55.857
327,56.327
328,56.269
329,57.165
330,51.674
331,51.806
332,54.630
333,57.718
334,55.657
335,56.225
336,55.970
337,55.589
338,55.427
339,53.941
340,53.445
341,55.909
342,56.049
343,56.463
344,55.011
345,55.038
346,58.999
347,55.595
348,55.469
349,57.536
350,60.425
351,63.864
352,62.286
353,60.120
354,62.738
355,63.693
356,71.434
357,66.374
358,65.723
359,60.205
360,64.205
361,66.030
362,60.378
363,60.749
364,56.279
365,56.440
366,63.070
367,56.924
368,58.851
369,58.267
370,57.583
371,57.234
372,56.846
373,53.541
374,52.834
375,55.414
376,58.826
377,62.473
378,62.488
379,57.019
380,58.346
381,55.077
382,55.323
383,56.241
384,53.523
385,52.962
386,54.884
387,55.952
388,58.531
389,59.937
390,63.577
391,61.518
392,60.560
393,57.686
394,53.770
395,55.274
396,55.159
397,55.560
398,55.821
399,54.743
400,54.783
401,53.936
402,57.645
403,61.090
404,56.972
405,55.353
406,54.237
407,53.126
408,53.279
409,53.836
410,54.103
411,56.804
412,58.751
413,53.623
414,53.826
415,53.792
416,53.859
417,55.125
418,58.844
419,58.637
420,58.318
421,54.621
422,54.674
423,55.011
424,58.901
425,60.361
426,57.049
427,56.160
428,59.322
429,59.356
430,63.920
431,61.835
432,61.956
433,60.478
434,62.870
435,60.419
436,58.478
437,54.650
438,57.808
439,57.645
440,58.286
441,60.436
442,62.556
443,63.354
444,56.286
445,55.087
446,54.661
447,54.711
448,54.553
449,54.179
450,53.840
451,52.915
452,52.962
453,53.505
454,53.366
455,53.454
456,53.481
457,55.768
458,60.397
459,60.800
460,58.870
461,59.111
462,62.488
463,57.540
464,58.184
465,55.278
466,57.488
467,57.884
468,54.833
469,53.734
470,54.000
471,54.877
472,56.297
473,57.257
474,55.911
475,58.055
476,58.022
477,58.772
478,56.777
479,56.271
480,54.897
481,53.881
482,54.304
483,54.619
484,54.594
485,54.978
486,54.987
487,54.426
488,53.940
489,54.253
490,54.316
491,54.370
492,54.616
493,56.178
494,56.757
495,56.106
496,56.299
497,56.167
498,55.576
499,54.159
500,54.202
501,54.232
502,56.941
503,60.011
504,58.035
505,54.260
506,54.405
507,55.111
508,54.979
509,59.062
510,58.937
511,56.891
512,53.600
513,53.750
514,53.382
515,52.629
516,53.066
517,53.339
518,53.139
519,53.159
520,53.502
521,55.709
522,59.877
523,59.192
524,60.598
525,61.073
526,56.871
527,55.050
528,55.311
529,54.791
530,54.664
531,53.543
532,53.546
533,52.468
534,54.908
535,52.836
536,52.884
537,54.694
538,59.510
539,58.985
540,57.454
541,55.437
542,58.564
543,56.992
544,56.389
545,62.200
546,58.350
547,58.426
548,56.943
549,62.001
550,56.711
551,54.351
552,56.162
553,59.522
554,57.621
555,56.198
556,56.610
557,56.064
558,55.909
559,57.340
560,57.225
561,57.171
562,54.470
563,54.030
564,53.459
565,53.175
566,53.471
567,63.014
568,60.264
569,56.264
570,60.594
571,56.251
572,56.922
573,52.875
574,52.628
575,53.617
576,53.063
577,53.715
578,64.812
579,63.397
580,58.490
581,57.261
582,57.090
583,57.246
584,57.633
585,64.522
586,64.397
587,63.291
588,61.241
589,59.549
590,58.904
591,56.668
592,57.718
593,58.135
594,56.829
595,56.086
596,56.458
597,57.112
598,57.396
599,57.792
600,59.084
601,68.719
602,65.961
603,65.267
604,60.319
605,65.453
606,67.454
607,65.258
608,68.728
609,63.118
610,62.563
611,60.782
612,60.350
613,62.121
614,62.192
615,61.601
616,62.148
617,63.173
618,64.751
619,64.407
620,62.890
621,62.293
622,65.833
623,65.581
624,64.780
625,66.859
626,66.791
627,68.235
628,67.014
629,65.939
630,66.204
631,65.815
632,70.268
633,72.090
634,65.464
635,66.014
636,69.254
637,69.719
638,71.928
639,71.746
640,71.501
641,70.085
642,71.699
643,70.271
644,70.488
645,72.887
646,72.835
647,71.399
648,69.272
649,70.245
650,70.295
651,69.514
652,68.345
653,67.971
654,69.390
655,68.809
656,69.830
657,69.473
658,69.366
659,68.960
660,69.248
661,68.860
662,69.431
663,70.685
664,73.115
665,68.730
666,69.395
667,68.773
668,70.566
669,65.573
670,65.975
671,65.895
672,66.158
673,66.339
674,66.827
675,70.029
676,68.858
677,68.321
678,68.366
679,68.071
680,67.107
681,68.050
682,67.966
683,69.305
684,69.608
685,72.364
686,71.236
687,68.923
688,68.615
689,68.060
690,68.021
691,68.186
692,68.175
693,68.349
694,67.322
695,67.744
696,69.391
697,101.791
698,82.023
699,75.589
700,80.152
701,84.717
702,85.745
703,92.140
704,105.175
705,111.370
706,117.610
707,118.933
708,120.314
709,127.628
710,127.673
711,127.374
712,127.223
713,125.718
714,125.671
715,125.920
716,125.182
717,123.479
718,123.831
719,126.918
720,126.767
721,127.311
722,124.345
723,123.412
724,123.043
725,119.411
726,119.338
727,122.198
728,121.773
729,120.746
730,129.103
731,127.498
732,120.415
733,120.456
734,118.452
735,111.890
736,122.721
737,126.815
738,125.297
739,121.350
740,119.904
741,122.880
742,123.436
743,122.798
744,120.373
745,124.140
746,122.337
747,121.392
748,118.502
749,118.174
750,124.219
751,123.683
752,122.241
753,116.818
754,114.490
755,123.060
756,98.293
757,96.561
758,111.838
759,116.381
760,118.323
761,120.403
762,124.391
763,123.674
764,120.867
765,125.548
766,128.777
767,129.784
768,130.325
769,139.976
770,140.915
771,143.794
772,153.138
773,149.392
774,142.298
775,139.245
776,143.615
777,144.838
778,143.380
779,139.515
780,133.949
781,132.436
782,138.242
783,138.214
784,140.804
785,145.936
786,136.673
787,134.381
788,133.430
789,136.709
790,135.095
791,138.808
792,138.667
793,136.889
794,138.780
795,137.789
796,138.638
797,138.306
798,135.673
799,135.549
800,134.467
801,135.002
802,135.193
803,137.364
804,137.030
805,137.333
806,136.718
807,136.377
808,140.064
809,135.511
810,135.476
811,132.716
812,131.664
813,131.711
814,130.946
815,134.852
816,130.987
817,129.455
818,129.749
819,131.669
820,134.124
821,129.717
822,129.970
823,133.585
824,131.974
825,132.405
826,132.428
827,133.507
828,130.429
829,130.308
830,131.881
831,132.526
832,132.317
833,130.390
834,130.431
835,132.831
836,131.828
837,128.553
838,129.308
839,129.241
840,129.362
841,133.570
842,131.462
843,129.901
844,132.667
845,132.405
846,129.998
847,129.692
848,128.789
849,129.541
850,129.916
851,130.942
852,128.060
