Group,Experiment,SourceReplicate,FieldWithinExperiment,SourceSheet,SourceGroupLabel,SourceValueCell,CellRecovery_pct,AssignmentBasis
Control,1,1,1,Cell Viability Data,Control_10X_0001_GFP,C3,75.0836280225557,"Control group in source workbook"
Control,1,1,2,Cell Viability Data,Control_10X_0003_GFP,C4,81.2004205294849,"Control group in source workbook"
Control,1,1,3,Cell Viability Data,Control_10X_0004_GFP,C5,89.6874701328491,"Control group in source workbook"
Control,1,1,4,Cell Viability Data,Control_10X_0005_GFP,C6,101.309375896015,"Control group in source workbook"
Control,1,1,5,Cell Viability Data,Control_10X_0006_GFP,C7,106.432189620568,"Control group in source workbook"
Control,1,1,6,Cell Viability Data,Control_10X_0007_GFP,C8,103.067953741757,"Control group in source workbook"
Control,1,1,7,Cell Viability Data,Control_10X_0008_GFP,C9,105.820510369875,"Control group in source workbook"
Control,1,1,8,Cell Viability Data,Control_10X_0009_GFP,C10,81.2768804358215,"Control group in source workbook"
Control,2,2,1,Cell Viability Data,Control_10X_0001_GFP,F3,95.1530612244898,"Control group in source workbook"
Control,2,2,2,Cell Viability Data,Control_10X_0002_GFP,F4,99.1071428571429,"Control group in source workbook"
Control,2,2,3,Cell Viability Data,Control_10X_0003_GFP,F5,84.5663265306122,"Control group in source workbook"
Control,2,2,4,Cell Viability Data,Control_10X_0004_GFP,F6,88.5204081632653,"Control group in source workbook"
Control,2,2,5,Cell Viability Data,Control_10X_0005_GFP,F7,113.137755102041,"Control group in source workbook"
Control,2,2,6,Cell Viability Data,Control_10X_0006_GFP,F8,115.051020408163,"Control group in source workbook"
Control,2,2,7,Cell Viability Data,Control_10X_0007_GFP,F9,86.4795918367347,"Control group in source workbook"
Control,2,2,8,Cell Viability Data,Control_10X_0008_GFP,F10,71.5561224489796,"Control group in source workbook"
Control,2,2,9,Cell Viability Data,Control_10X_0009_GFP,F11,105.739795918367,"Control group in source workbook"
Control,3,3,1,Cell Viability Data,Group1_10X_0001_GFP,I3,91.077411391289,"Control group in source workbook"
Control,3,3,2,Cell Viability Data,Group1_10X_0002_GFP,I4,110.298007406101,"Control group in source workbook"
Control,3,3,3,Cell Viability Data,Group1_10X_0003_GFP,I5,103.861752777288,"Control group in source workbook"
Control,3,3,4,Cell Viability Data,Group1_10X_0004_GFP,I6,103.861752777288,"Control group in source workbook"
Control,3,3,5,Cell Viability Data,Group1_10X_0005_GFP,I7,90.9892435196614,"Control group in source workbook"
Control,3,3,6,Cell Viability Data,Group1_10X_0006_GFP,I8,98.4835126080056,"Control group in source workbook"
Control,3,3,7,Cell Viability Data,Group1_10X_0007_GFP,I9,100.51137365544,"Control group in source workbook"
Control,3,3,8,Cell Viability Data,Group1_10X_0008_GFP,I10,99.1006877093987,"Control group in source workbook"
Control,3,3,9,Cell Viability Data,Group1_10X_0009_GFP,I11,89.2258860871098,"Control group in source workbook"
Control,3,3,10,Cell Viability Data,Group1_10X_0010_GFP,I12,102.274731087992,"Control group in source workbook"
Control,4,4,1,Cell Viability Data,Group1_Control_10X_0001_GFP,L3,93.2907348242811,"Control group in source workbook"
Control,4,4,2,Cell Viability Data,Group1_Control_10X_0002_GFP,L4,99.6805111821086,"Control group in source workbook"
Control,4,4,3,Cell Viability Data,Group1_Control_10X_0003_GFP,L5,88.1789137380192,"Control group in source workbook"
Control,4,4,4,Cell Viability Data,Group1_Control_10X_0004_GFP,L6,81.7891373801917,"Control group in source workbook"
Control,4,4,5,Cell Viability Data,Group1_Control_10X_0005_GFP,L7,103.149246919215,"Control group in source workbook"
Control,4,4,6,Cell Viability Data,Group1_Control_10X_0006_GFP,L8,92.7430397078959,"Control group in source workbook"
Control,4,4,7,Cell Viability Data,Group1_Control_10X_0007_GFP,L9,92.925604746691,"Control group in source workbook"
Control,4,4,8,Cell Viability Data,Group1_Control_10X_0008_GFP,L10,97.1246006389776,"Control group in source workbook"
Spray control,1,1,1,Cell Viability Data,Spray_10X_0001_GFP,C22,116.219057631654,"Spray control in source workbook"
Spray control,1,1,2,Cell Viability Data,Spray_10X_0002_GFP,C23,106.661569339578,"Spray control in source workbook"
Spray control,1,1,3,Cell Viability Data,Spray_10X_0003_GFP,C24,113.3900410972,"Spray control in source workbook"
Spray control,1,1,4,Cell Viability Data,Spray_10X_0004_GFP,C25,118.13055529007,"Spray control in source workbook"
Spray control,1,1,5,Cell Viability Data,Spray_10X_0005_GFP,C26,121.800630794227,"Spray control in source workbook"
Spray control,1,1,6,Cell Viability Data,Spray_10X_0006_GFP,C27,97.257000860174,"Spray control in source workbook"
Spray control,1,1,7,Cell Viability Data,Spray_10X_0007_GFP,C28,88.5405715377999,"Spray control in source workbook"
Spray control,1,1,8,Cell Viability Data,Spray_10X_0008_GFP,C29,91.1402083532448,"Spray control in source workbook"
Spray control,1,1,9,Cell Viability Data,Spray_10X_0009_GFP,C30,112.548982127497,"Spray control in source workbook"
Spray control,2,3,1,Cell Viability Data,Group2_10X_0001_GFP,I14,72.1213189913595,"Spray control in source workbook"
Spray control,2,3,2,Cell Viability Data,Group2_10X_0002_GFP,I15,89.7548933168753,"Spray control in source workbook"
Spray control,2,3,3,Cell Viability Data,Group2_10X_0003_GFP,I16,84.9056603773585,"Spray control in source workbook"
Spray control,2,3,4,Cell Viability Data,Group2_10X_0004_GFP,I17,81.2907776406278,"Spray control in source workbook"
Spray control,2,3,5,Cell Viability Data,Group2_10X_0005_GFP,I18,76.6178804443661,"Spray control in source workbook"
Spray control,2,3,6,Cell Viability Data,Group2_10X_0006_GFP,I19,88.2560394992065,"Spray control in source workbook"
Spray control,2,3,7,Cell Viability Data,Group2_10X_0007_GFP,I20,110.650678892612,"Spray control in source workbook"
Spray control,2,3,8,Cell Viability Data,Group2_10X_0008_GFP,I21,88.3442073708341,"Spray control in source workbook"
Spray control,2,3,9,Cell Viability Data,Group2_10X_0009_GFP,I22,93.1934403103509,"Spray control in source workbook"
Spray control,2,3,10,Cell Viability Data,Group2_10X_0010_GFP,I23,84.7293246341033,"Spray control in source workbook"
Spray control,3,4,1,Cell Viability Data,Group2_Spray_10X_0001_GFP,L12,95.6640803286171,"Spray control in source workbook"
Spray control,3,4,2,Cell Viability Data,Group2_Spray_10X_0002_GFP,L13,49.8402555910543,"Spray control in source workbook"
Spray control,3,4,3,Cell Viability Data,Group2_Spray_10X_0003_GFP,L14,109.539023277042,"Spray control in source workbook"
Spray control,3,4,4,Cell Viability Data,Group2_Spray_10X_0004_GFP,L15,96.9420356001826,"Spray control in source workbook"
Spray control,3,4,5,Cell Viability Data,Group2_Spray_10X_0005_GFP,L16,112.460063897764,"Spray control in source workbook"
Spray control,3,4,6,Cell Viability Data,Group2_Spray_10X_0006_GFP,L17,98.2199908717481,"Spray control in source workbook"
Spray control,3,4,7,Cell Viability Data,Group2_Spray_10X_0007_GFP,L18,68.0967594705614,"Spray control in source workbook"
Spray control,3,4,8,Cell Viability Data,Group2_Spray_10X_0008_GFP,L19,96.3943404837974,"Spray control in source workbook"
Cryoaerosolization + Rewarming,1,2,1,Cell Viability Data,Low CPA Spray Rewarm_10X_0001_GFP,F33,117.857142857143,"Cryoaerosolization group in source workbook"
Cryoaerosolization + Rewarming,1,2,2,Cell Viability Data,Low CPA Spray Rewarm_10X_0002_GFP,F34,60.2040816326531,"Cryoaerosolization group in source workbook"
Cryoaerosolization + Rewarming,1,2,3,Cell Viability Data,Low CPA Spray Rewarm_10X_0003_GFP,F35,59.3112244897959,"Cryoaerosolization group in source workbook"
Cryoaerosolization + Rewarming,1,2,4,Cell Viability Data,Low CPA Spray Rewarm_10X_0004_GFP,F36,48.0867346938776,"Cryoaerosolization group in source workbook"
Cryoaerosolization + Rewarming,1,2,5,Cell Viability Data,Low CPA Spray Rewarm_10X_0005_GFP,F37,87.5,"Cryoaerosolization group in source workbook"
Cryoaerosolization + Rewarming,1,2,6,Cell Viability Data,Low CPA Spray Rewarm_10X_0006_GFP,F38,99.6173469387755,"Cryoaerosolization group in source workbook"
Cryoaerosolization + Rewarming,1,2,7,Cell Viability Data,Low CPA Spray Rewarm_10X_0007_GFP,F39,116.964285714286,"Cryoaerosolization group in source workbook"
Cryoaerosolization + Rewarming,1,2,8,Cell Viability Data,Low CPA Spray Rewarm_10X_0008_GFP,F40,85.4591836734694,"Cryoaerosolization group in source workbook"
Cryoaerosolization + Rewarming,1,2,9,Cell Viability Data,Low CPA Spray Rewarm_10X_0009_GFP,F41,72.3214285714286,"Cryoaerosolization group in source workbook"
Cryoaerosolization + Rewarming,2,3,1,Cell Viability Data,Group3_10X_0001_GFP,I25,125.28654558279,"Cryoaerosolization group in source workbook"
Cryoaerosolization + Rewarming,2,3,2,Cell Viability Data,Group3_10X_0002_GFP,I26,80.3209310527244,"Cryoaerosolization group in source workbook"
Cryoaerosolization + Rewarming,2,3,3,Cell Viability Data,Group3_10X_0003_GFP,I27,79.5274202080762,"Cryoaerosolization group in source workbook"
Cryoaerosolization + Rewarming,2,3,4,Cell Viability Data,Group3_10X_0004_GFP,I28,93.810615411744,"Cryoaerosolization group in source workbook"
Cryoaerosolization + Rewarming,2,3,5,Cell Viability Data,Group3_10X_0005_GFP,I29,93.810615411744,"Cryoaerosolization group in source workbook"
Cryoaerosolization + Rewarming,2,3,6,Cell Viability Data,Group3_10X_0006_GFP,I30,122.817845177217,"Cryoaerosolization group in source workbook"
Cryoaerosolization + Rewarming,2,3,7,Cell Viability Data,Group3_10X_0007_GFP,I31,85.434667607124,"Cryoaerosolization group in source workbook"
Cryoaerosolization + Rewarming,2,3,8,Cell Viability Data,Group3_10X_0008_GFP,I32,72.033151119732,"Cryoaerosolization group in source workbook"
Cryoaerosolization + Rewarming,2,3,9,Cell Viability Data,Group3_10X_0009_GFP,I33,83.4949744313172,"Cryoaerosolization group in source workbook"
Cryoaerosolization + Rewarming,2,3,10,Cell Viability Data,Group3_10X_0010_GFP,I34,96.4556515605713,"Cryoaerosolization group in source workbook"
Cryoaerosolization + Rewarming,3,4,1,Cell Viability Data,Group3_Spray_RW_10X_0001_GFP,L21,109.904153354633,"Cryoaerosolization group in source workbook"
Cryoaerosolization + Rewarming,3,4,2,Cell Viability Data,Group3_Spray_RW_10X_0002_GFP,L22,98.7676859881333,"Cryoaerosolization group in source workbook"
Cryoaerosolization + Rewarming,3,4,3,Cell Viability Data,Group3_Spray_RW_10X_0003_GFP,L23,90.5522592423551,"Cryoaerosolization group in source workbook"
Cryoaerosolization + Rewarming,3,4,4,Cell Viability Data,Group3_Spray_RW_10X_0004_GFP,L24,101.506161570059,"Cryoaerosolization group in source workbook"
Cryoaerosolization + Rewarming,3,4,5,Cell Viability Data,Group3_Spray_RW_10X_0005_GFP,L25,108.261068005477,"Cryoaerosolization group in source workbook"
Cryoaerosolization + Rewarming,3,4,6,Cell Viability Data,Group3_Spray_RW_10X_0006_GFP,L26,90.5522592423551,"Cryoaerosolization group in source workbook"
Cryoaerosolization + Rewarming,3,4,7,Cell Viability Data,Group3_Spray_RW_10X_0007_GFP,L27,80.3286170698311,"Cryoaerosolization group in source workbook"
Cryoaerosolization + Rewarming,3,4,8,Cell Viability Data,Group3_Spray_RW_10X_0008_GFP,L28,96.9420356001826,"Cryoaerosolization group in source workbook"
Convective Cooling + Rewarming,1,2,1,Cell Viability Data,Conv Rewarm_10X_0001_GFP,F13,24.234693877551,"Source label ""Conv Rewarm""; corrected from Sheet1 column placement"
Convective Cooling + Rewarming,1,2,2,Cell Viability Data,Conv Rewarm_10X_0002_GFP,F14,26.6581632653061,"Source label ""Conv Rewarm""; corrected from Sheet1 column placement"
Convective Cooling + Rewarming,1,2,3,Cell Viability Data,Conv Rewarm_10X_0003_GFP,F15,23.5969387755102,"Source label ""Conv Rewarm""; corrected from Sheet1 column placement"
Convective Cooling + Rewarming,1,2,4,Cell Viability Data,Conv Rewarm_10X_0004_GFP,F16,27.2959183673469,"Source label ""Conv Rewarm""; corrected from Sheet1 column placement"
Convective Cooling + Rewarming,1,2,5,Cell Viability Data,Conv Rewarm_10X_0005_GFP,F17,24.6173469387755,"Source label ""Conv Rewarm""; corrected from Sheet1 column placement"
Convective Cooling + Rewarming,1,2,6,Cell Viability Data,Conv Rewarm_10X_0006_GFP,F18,30.9948979591837,"Source label ""Conv Rewarm""; corrected from Sheet1 column placement"
Convective Cooling + Rewarming,1,2,7,Cell Viability Data,Conv Rewarm_10X_0007_GFP,F19,34.4387755102041,"Source label ""Conv Rewarm""; corrected from Sheet1 column placement"
Convective Cooling + Rewarming,1,2,8,Cell Viability Data,Conv Rewarm_10X_0008_GFP,F20,28.0612244897959,"Source label ""Conv Rewarm""; corrected from Sheet1 column placement"
Convective Cooling + Rewarming,1,2,9,Cell Viability Data,Conv Rewarm_10X_0009_GFP,F21,26.1479591836735,"Source label ""Conv Rewarm""; corrected from Sheet1 column placement"
Convective Cooling + Rewarming,2,3,1,Cell Viability Data,Group5_10X_0001_GFP,I36,5.11373655439958,"Cryotop 20 uL cooling and rewarming group"
Convective Cooling + Rewarming,2,3,2,Cell Viability Data,Group5_10X_0002_GFP,I37,3.96755422324105,"Cryotop 20 uL cooling and rewarming group"
Convective Cooling + Rewarming,2,3,3,Cell Viability Data,Group5_10X_0003_GFP,I38,7.58243695997179,"Cryotop 20 uL cooling and rewarming group"
Convective Cooling + Rewarming,2,3,4,Cell Viability Data,Group5_10X_0004_GFP,I39,6.17175101393052,"Cryotop 20 uL cooling and rewarming group"
Convective Cooling + Rewarming,2,3,5,Cell Viability Data,Group5_10X_0005_GFP,I40,5.73091165579263,"Cryotop 20 uL cooling and rewarming group"
Convective Cooling + Rewarming,2,3,6,Cell Viability Data,Group5_10X_0006_GFP,I41,5.64274378416505,"Cryotop 20 uL cooling and rewarming group"
Convective Cooling + Rewarming,2,3,7,Cell Viability Data,Group5_10X_0007_GFP,I42,6.08358314230294,"Cryotop 20 uL cooling and rewarming group"
Convective Cooling + Rewarming,2,3,8,Cell Viability Data,Group5_10X_0008_GFP,I43,5.90724739904779,"Cryotop 20 uL cooling and rewarming group"
Convective Cooling + Rewarming,2,3,9,Cell Viability Data,Group5_10X_0009_GFP,I44,5.20190442602715,"Cryotop 20 uL cooling and rewarming group"
Convective Cooling + Rewarming,3,4,1,Cell Viability Data,Group4_Cryotop-20ul_10X_0001_GFP,L30,4.19899589228663,"Cryotop 20 uL cooling and rewarming group"
Convective Cooling + Rewarming,3,4,2,Cell Viability Data,Group4_Cryotop-20ul_10X_0002_GFP,L31,3.1036056595162,"Cryotop 20 uL cooling and rewarming group"
Convective Cooling + Rewarming,3,4,3,Cell Viability Data,Group4_Cryotop-20ul_10X_0003_GFP,L32,7.66773162939297,"Cryotop 20 uL cooling and rewarming group"
Convective Cooling + Rewarming,3,4,4,Cell Viability Data,Group4_Cryotop-20ul_10X_0004_GFP,L33,2.19078046554085,"Cryotop 20 uL cooling and rewarming group"
Convective Cooling + Rewarming,3,4,5,Cell Viability Data,Group4_Cryotop-20ul_10X_0005_GFP,L34,5.11182108626198,"Cryotop 20 uL cooling and rewarming group"
Convective Cooling + Rewarming,3,4,6,Cell Viability Data,Group4_Cryotop-20ul_10X_0006_GFP,L35,3.46873573710634,"Cryotop 20 uL cooling and rewarming group"
Convective Cooling + Rewarming,3,4,7,Cell Viability Data,Group4_Cryotop-20ul_10X_0007_GFP,L36,1.2779552715655,"Cryotop 20 uL cooling and rewarming group"
Convective Cooling + Rewarming,3,4,8,Cell Viability Data,Group4_Cryotop-20ul_10X_0008_GFP,L37,2.92104062072113,"Cryotop 20 uL cooling and rewarming group"
